Position,Nucleotide,Coverage,LogCoverage
1,G,2,1.0986122886681096
2,T,2,1.0986122886681096
3,A,10,2.3978952727983707
4,G,5,1.791759469228055
5,G,4,1.6094379124341003
6,T,2,1.0986122886681096
7,A,9,2.3025850929940455
8,A,3,1.3862943611198906
9,G,1,0.6931471805599453
10,C,11,2.4849066497880004
11,G,4,1.6094379124341003
12,G,8,2.197224577336219
13,G,7,2.0794415416798357
14,G,3,1.3862943611198906
15,T,1,0.6931471805599453
16,A,7,2.0794415416798357
17,T,10,2.3978952727983707
18,T,5,1.791759469228055
19,T,9,2.3025850929940455
20,G,4,1.6094379124341003
21,C,5,1.791759469228055
22,A,13,2.6390573296152584
23,C,1,0.6931471805599453
24,T,7,2.0794415416798357
25,T,6,1.9459101490553132
26,C,8,2.197224577336219
27,C,6,1.9459101490553132
28,C,3,1.3862943611198906
29,T,1,0.6931471805599453
30,T,12,2.5649493574615367
31,A,7,2.0794415416798357
32,A,5,1.791759469228055
33,T,7,2.0794415416798357
34,C,12,2.5649493574615367
35,C,5,1.791759469228055
36,A,7,2.0794415416798357
37,T,4,1.6094379124341003
38,A,0,0.0
39,A,3,1.3862943611198906
40,G,2,1.0986122886681096
41,G,3,1.3862943611198906
42,G,1,0.6931471805599453
43,C,3,1.3862943611198906
44,T,4,1.6094379124341003
45,T,6,1.9459101490553132
46,T,0,0.0
47,T,2,1.0986122886681096
48,G,3,1.3862943611198906
49,C,9,2.3025850929940455
50,C,3,1.3862943611198906
51,G,6,1.9459101490553132
52,C,5,1.791759469228055
53,G,2,1.0986122886681096
54,T,2,1.0986122886681096
55,G,12,2.5649493574615367
56,T,3,1.3862943611198906
57,T,10,2.3978952727983707
58,A,6,1.9459101490553132
59,G,7,2.0794415416798357
60,A,10,2.3978952727983707
61,G,6,1.9459101490553132
62,G,5,1.791759469228055
63,A,10,2.3978952727983707
64,A,4,1.6094379124341003
65,G,7,2.0794415416798357
66,C,7,2.0794415416798357
67,T,5,1.791759469228055
68,A,1,0.6931471805599453
69,T,6,1.9459101490553132
70,C,1,0.6931471805599453
71,C,1,0.6931471805599453
72,C,4,1.6094379124341003
73,A,4,1.6094379124341003
74,C,3,1.3862943611198906
75,A,3,1.3862943611198906
76,C,7,2.0794415416798357
77,T,3,1.3862943611198906
78,T,7,2.0794415416798357
79,G,3,1.3862943611198906
80,T,4,1.6094379124341003
81,G,3,1.3862943611198906
82,T,4,1.6094379124341003
83,A,2,1.0986122886681096
84,T,8,2.197224577336219
85,G,4,1.6094379124341003
86,G,5,1.791759469228055
87,C,2,1.0986122886681096
88,A,5,1.791759469228055
89,T,4,1.6094379124341003
90,C,6,1.9459101490553132
91,T,6,1.9459101490553132
92,T,13,2.6390573296152584
93,C,3,1.3862943611198906
94,C,10,2.3978952727983707
95,C,2,1.0986122886681096
96,C,1,0.6931471805599453
97,C,8,2.197224577336219
98,T,10,2.3978952727983707
99,C,5,1.791759469228055
100,A,2,1.0986122886681096
101,G,5,1.791759469228055
102,C,3,1.3862943611198906
103,C,7,2.0794415416798357
104,T,7,2.0794415416798357
105,C,4,1.6094379124341003
106,C,4,1.6094379124341003
107,C,5,1.791759469228055
108,T,11,2.4849066497880004
109,C,9,2.3025850929940455
110,G,7,2.0794415416798357
111,T,3,1.3862943611198906
112,G,5,1.791759469228055
113,T,7,2.0794415416798357
114,C,8,2.197224577336219
115,G,0,0.0
116,T,9,2.3025850929940455
117,A,5,1.791759469228055
118,C,8,2.197224577336219
119,T,4,1.6094379124341003
120,A,4,1.6094379124341003
121,T,4,1.6094379124341003
122,A,5,1.791759469228055
123,C,3,1.3862943611198906
124,G,3,1.3862943611198906
125,A,5,1.791759469228055
126,T,2,1.0986122886681096
127,C,0,0.0
128,A,5,1.791759469228055
129,T,8,2.197224577336219
130,T,5,1.791759469228055
131,T,8,2.197224577336219
132,A,7,2.0794415416798357
133,A,7,2.0794415416798357
134,A,8,2.197224577336219
135,G,8,2.197224577336219
136,A,5,1.791759469228055
137,A,9,2.3025850929940455
138,A,5,1.791759469228055
139,G,0,0.0
140,A,7,2.0794415416798357
141,T,6,1.9459101490553132
142,A,4,1.6094379124341003
143,T,6,1.9459101490553132
144,T,7,2.0794415416798357
145,T,6,1.9459101490553132
146,G,11,2.4849066497880004
147,G,0,0.0
148,G,3,1.3862943611198906
149,A,1,0.6931471805599453
150,T,8,2.197224577336219
151,G,7,2.0794415416798357
152,G,3,1.3862943611198906
153,A,5,1.791759469228055
154,G,7,2.0794415416798357
155,A,7,2.0794415416798357
156,C,9,2.3025850929940455
157,G,6,1.9459101490553132
158,C,2,1.0986122886681096
159,A,6,1.9459101490553132
160,T,4,1.6094379124341003
161,G,6,1.9459101490553132
162,A,2,1.0986122886681096
163,T,4,1.6094379124341003
164,T,9,2.3025850929940455
165,C,1,0.6931471805599453
166,A,4,1.6094379124341003
167,T,11,2.4849066497880004
168,G,2,1.0986122886681096
169,G,5,1.791759469228055
170,C,6,1.9459101490553132
171,T,8,2.197224577336219
172,A,5,1.791759469228055
173,G,7,2.0794415416798357
174,T,2,1.0986122886681096
175,T,3,1.3862943611198906
176,C,2,1.0986122886681096
177,G,7,2.0794415416798357
178,G,4,1.6094379124341003
179,A,1,0.6931471805599453
180,G,3,1.3862943611198906
181,A,3,1.3862943611198906
182,G,0,0.0
183,C,7,2.0794415416798357
184,G,8,2.197224577336219
185,A,10,2.3978952727983707
186,A,2,1.0986122886681096
187,C,1,0.6931471805599453
188,G,3,1.3862943611198906
189,G,4,1.6094379124341003
190,C,7,2.0794415416798357
191,G,7,2.0794415416798357
192,G,3,1.3862943611198906
193,A,2,1.0986122886681096
194,G,11,2.4849066497880004
195,G,4,1.6094379124341003
196,C,7,2.0794415416798357
197,C,5,1.791759469228055
198,T,4,1.6094379124341003
199,A,2,1.0986122886681096
200,G,2,1.0986122886681096
201,G,10,2.3978952727983707
202,T,0,0.0
203,G,9,2.3025850929940455
204,A,4,1.6094379124341003
205,T,5,1.791759469228055
206,A,8,2.197224577336219
207,T,1,0.6931471805599453
208,T,6,1.9459101490553132
209,C,4,1.6094379124341003
210,A,4,1.6094379124341003
211,G,2,1.0986122886681096
212,G,7,2.0794415416798357
213,A,4,1.6094379124341003
214,G,3,1.3862943611198906
215,G,3,1.3862943611198906
216,A,4,1.6094379124341003
217,T,5,1.791759469228055
218,A,3,1.3862943611198906
219,T,4,1.6094379124341003
220,G,4,1.6094379124341003
221,G,3,1.3862943611198906
222,G,7,2.0794415416798357
223,C,5,1.791759469228055
224,T,3,1.3862943611198906
225,C,8,2.197224577336219
226,C,7,2.0794415416798357
227,A,12,2.5649493574615367
228,C,2,1.0986122886681096
229,A,4,1.6094379124341003
230,A,7,2.0794415416798357
231,C,6,1.9459101490553132
232,T,8,2.197224577336219
233,T,0,0.0
234,T,9,2.3025850929940455
235,T,11,2.4849066497880004
236,T,2,1.0986122886681096
237,C,7,2.0794415416798357
238,C,5,1.791759469228055
239,G,1,0.6931471805599453
240,T,11,2.4849066497880004
241,C,4,1.6094379124341003
242,G,3,1.3862943611198906
243,T,9,2.3025850929940455
244,A,6,1.9459101490553132
245,G,12,2.5649493574615367
246,C,2,1.0986122886681096
247,A,3,1.3862943611198906
248,A,0,0.0
249,A,1,0.6931471805599453
250,G,2,1.0986122886681096
251,C,6,1.9459101490553132
252,A,5,1.791759469228055
253,T,7,2.0794415416798357
254,A,1,0.6931471805599453
255,A,7,2.0794415416798357
256,G,5,1.791759469228055
257,G,6,1.9459101490553132
258,C,4,1.6094379124341003
259,T,8,2.197224577336219
260,G,6,1.9459101490553132
261,A,7,2.0794415416798357
262,C,2,1.0986122886681096
263,A,6,1.9459101490553132
264,A,1,0.6931471805599453
265,G,1,0.6931471805599453
266,C,1,0.6931471805599453
267,T,6,1.9459101490553132
268,T,11,2.4849066497880004
269,G,0,0.0
270,G,4,1.6094379124341003
271,C,7,2.0794415416798357
272,T,0,0.0
273,T,15,2.772588722239781
274,T,1,0.6931471805599453
275,A,9,2.3025850929940455
276,T,7,2.0794415416798357
277,A,7,2.0794415416798357
278,C,5,1.791759469228055
279,A,7,2.0794415416798357
280,C,7,2.0794415416798357
281,T,5,1.791759469228055
282,T,3,1.3862943611198906
283,C,3,1.3862943611198906
284,G,5,1.791759469228055
285,C,7,2.0794415416798357
286,G,4,1.6094379124341003
287,A,4,1.6094379124341003
288,A,5,1.791759469228055
289,A,1,0.6931471805599453
290,T,3,1.3862943611198906
291,A,7,2.0794415416798357
292,G,2,1.0986122886681096
293,A,2,1.0986122886681096
294,C,13,2.6390573296152584
295,C,3,1.3862943611198906
296,T,6,1.9459101490553132
297,C,8,2.197224577336219
298,G,5,1.791759469228055
299,A,1,0.6931471805599453
300,T,3,1.3862943611198906
301,A,3,1.3862943611198906
302,A,6,1.9459101490553132
303,G,1,0.6931471805599453
304,C,3,1.3862943611198906
305,C,7,2.0794415416798357
306,A,1,0.6931471805599453
307,T,10,2.3978952727983707
308,C,6,1.9459101490553132
309,T,5,1.791759469228055
310,C,3,1.3862943611198906
311,T,3,1.3862943611198906
312,G,4,1.6094379124341003
313,T,6,1.9459101490553132
314,G,7,2.0794415416798357
315,G,10,2.3978952727983707
316,T,5,1.791759469228055
317,G,2,1.0986122886681096
318,A,3,1.3862943611198906
319,G,2,1.0986122886681096
320,C,5,1.791759469228055
321,T,3,1.3862943611198906
322,A,3,1.3862943611198906
323,T,5,1.791759469228055
324,C,9,2.3025850929940455
325,C,4,1.6094379124341003
326,C,5,1.791759469228055
327,G,2,1.0986122886681096
328,G,0,0.0
329,T,5,1.791759469228055
330,T,1,0.6931471805599453
331,A,11,2.4849066497880004
332,A,8,2.197224577336219
333,T,10,2.3978952727983707
334,G,3,1.3862943611198906
335,C,8,2.197224577336219
336,T,5,1.791759469228055
337,A,3,1.3862943611198906
338,G,5,1.791759469228055
339,T,8,2.197224577336219
340,T,1,0.6931471805599453
341,G,4,1.6094379124341003
342,T,3,1.3862943611198906
343,G,6,1.9459101490553132
344,C,3,1.3862943611198906
345,G,1,0.6931471805599453
346,G,5,1.791759469228055
347,G,3,1.3862943611198906
348,T,4,1.6094379124341003
349,T,4,1.6094379124341003
350,G,9,2.3025850929940455
351,T,8,2.197224577336219
352,A,2,1.0986122886681096
353,A,3,1.3862943611198906
354,T,0,0.0
355,T,6,1.9459101490553132
356,G,6,1.9459101490553132
357,C,7,2.0794415416798357
358,T,5,1.791759469228055
359,A,4,1.6094379124341003
360,G,4,1.6094379124341003
361,T,0,0.0
362,A,5,1.791759469228055
363,A,8,2.197224577336219
364,C,2,1.0986122886681096
365,G,2,1.0986122886681096
366,G,7,2.0794415416798357
367,C,9,2.3025850929940455
368,C,11,2.4849066497880004
369,G,2,1.0986122886681096
370,G,5,1.791759469228055
371,T,1,0.6931471805599453
372,T,9,2.3025850929940455
373,C,5,1.791759469228055
374,T,3,1.3862943611198906
375,A,1,0.6931471805599453
376,T,4,1.6094379124341003
377,T,9,2.3025850929940455
378,A,9,2.3025850929940455
379,C,5,1.791759469228055
380,A,3,1.3862943611198906
381,T,3,1.3862943611198906
382,C,11,2.4849066497880004
383,T,13,2.6390573296152584
384,A,6,1.9459101490553132
385,A,8,2.197224577336219
386,T,3,1.3862943611198906
387,G,6,1.9459101490553132
388,G,1,0.6931471805599453
389,A,2,1.0986122886681096
390,A,8,2.197224577336219
391,G,5,1.791759469228055
392,G,4,1.6094379124341003
393,T,7,2.0794415416798357
394,T,13,2.6390573296152584
395,G,6,1.9459101490553132
396,T,7,2.0794415416798357
397,T,2,1.0986122886681096
398,C,15,2.772588722239781
399,T,7,2.0794415416798357
400,A,3,1.3862943611198906
401,T,4,1.6094379124341003
402,T,6,1.9459101490553132
403,G,2,1.0986122886681096
404,A,3,1.3862943611198906
405,T,1,0.6931471805599453
406,T,5,1.791759469228055
407,C,5,1.791759469228055
408,T,3,1.3862943611198906
409,T,2,1.0986122886681096
410,C,11,2.4849066497880004
411,G,6,1.9459101490553132
412,T,1,0.6931471805599453
413,C,6,1.9459101490553132
414,A,1,0.6931471805599453
415,G,4,1.6094379124341003
416,A,2,1.0986122886681096
417,A,6,1.9459101490553132
418,C,7,2.0794415416798357
419,T,7,2.0794415416798357
420,C,7,2.0794415416798357
421,C,4,1.6094379124341003
422,C,3,1.3862943611198906
423,C,2,1.0986122886681096
424,G,2,1.0986122886681096
425,T,2,1.0986122886681096
426,A,4,1.6094379124341003
427,A,2,1.0986122886681096
428,T,13,2.6390573296152584
429,A,6,1.9459101490553132
430,T,5,1.791759469228055
431,A,10,2.3978952727983707
432,C,0,0.0
433,A,5,1.791759469228055
434,T,9,2.3025850929940455
435,T,1,0.6931471805599453
436,T,9,2.3025850929940455
437,T,5,1.791759469228055
438,T,4,1.6094379124341003
439,G,3,1.3862943611198906
440,G,5,1.791759469228055
441,A,1,0.6931471805599453
442,T,6,1.9459101490553132
443,A,4,1.6094379124341003
444,T,10,2.3978952727983707
445,T,3,1.3862943611198906
446,G,5,1.791759469228055
447,G,7,2.0794415416798357
448,C,5,1.791759469228055
449,G,1,0.6931471805599453
450,C,3,1.3862943611198906
451,C,17,2.8903717578961645
452,C,6,1.9459101490553132
453,C,0,0.0
454,C,9,2.3025850929940455
455,A,8,2.197224577336219
456,G,6,1.9459101490553132
457,C,4,1.6094379124341003
458,T,7,2.0794415416798357
459,G,1,0.6931471805599453
460,G,7,2.0794415416798357
461,C,4,1.6094379124341003
462,A,4,1.6094379124341003
463,C,6,1.9459101490553132
464,A,2,1.0986122886681096
465,T,1,0.6931471805599453
466,G,2,1.0986122886681096
467,T,2,1.0986122886681096
468,A,8,2.197224577336219
469,A,5,1.791759469228055
470,T,9,2.3025850929940455
471,A,3,1.3862943611198906
472,T,7,2.0794415416798357
473,G,10,2.3978952727983707
474,T,3,1.3862943611198906
475,G,6,1.9459101490553132
476,T,3,1.3862943611198906
477,A,2,1.0986122886681096
478,T,4,1.6094379124341003
479,A,1,0.6931471805599453
480,T,9,2.3025850929940455
481,T,2,1.0986122886681096
482,C,4,1.6094379124341003
483,A,4,1.6094379124341003
484,C,2,1.0986122886681096
485,A,7,2.0794415416798357
486,C,2,1.0986122886681096
487,G,8,2.197224577336219
488,T,4,1.6094379124341003
489,A,5,1.791759469228055
490,A,6,1.9459101490553132
491,T,4,1.6094379124341003
492,A,15,2.772588722239781
493,A,8,2.197224577336219
494,C,6,1.9459101490553132
495,A,3,1.3862943611198906
496,G,12,2.5649493574615367
497,G,5,1.791759469228055
498,T,6,1.9459101490553132
499,A,5,1.791759469228055
500,T,3,1.3862943611198906
